"Package","Version","File","Bytes","SHA256"
"AvalonEdit","5.0.4","AvalonEdit.5.0.4.nupkg","583468","555721B4537C96B7D53B8FC614D181B15A7C110FEFF4F4B3232BCD35E45FA127"
"CredentialManagement","1.0.2","CredentialManagement.1.0.2.nupkg","23815","50EFED0FEA5BA10BBA923969AF231437D5063E7419A8855D94F886582832820D"
"CsvHelper","2.0.0","CsvHelper.2.0.0.nupkg","1474117","1A372329C1E5D146070AFDC34BD0F580EBBBD5772B1D9219BDB727D81116973E"
"HttpClient","0.5.0","HttpClient.0.5.0.nupkg","184424","753ED4F42BE48AE8D5DFC8A5DC067EA30F1218C8B7AD7F11DB46D16C20C71B62"
"JsonValue","0.5.0","JsonValue.0.5.0.nupkg","138194","CB85B677448BE2C981AD4083AA2CC041A3BEE0E922DEF8EB413A178F05FE559E"
"log4net","2.0.8","log4net.2.0.8.nupkg","1760575","C4B05496F5EB4E09E62FDEAFA7566FC49A6558E08D06E3A752E08CF990EEA236"
"Microsoft.Activities.Extensions","2.0.6.9","Microsoft.Activities.Extensions.2.0.6.9.nupkg","1559109","7FBA2CB105000F9C5165AD0E27C3E5EA712178F62445548F9EE8EB6FCF1A31C4"
"Microsoft.Activities.Extensions.Http","1.0.2","Microsoft.Activities.Extensions.Http.1.0.2.nupkg","58116","3A56A6C0396A45B7FF0C6AC48C3A205C305E61612C066AF0FD7450F236880627"
"Microsoft.Activities.UnitTesting","2.0.6.9","Microsoft.Activities.UnitTesting.2.0.6.9.nupkg","1760672","C15B5BE3F6691D0C1DC43DBD27D70501C5F8E27CDCEFC6DDC51D0419B6139D00"
"Microsoft.Bcl.AsyncInterfaces","6.0.0","Microsoft.Bcl.AsyncInterfaces.6.0.0.nupkg","76354","E3DF87FE2170A7E01F0880AF59CAA8F6EB380B3C40A4F282DFB43912AAF0F895"
"Microsoft.CodeAnalysis.Analyzers","1.1.0","Microsoft.CodeAnalysis.Analyzers.1.1.0.nupkg","102426","ECAAD97CADE451B99E4FCD9E55A76F1EEAD971A16ADC50E3E2A90821E1312623"
"Microsoft.CodeAnalysis.Common","1.3.2","Microsoft.CodeAnalysis.Common.1.3.2.nupkg","3118007","E0885B0A0A32F45D9E49AF42A2E8B75DB61DD4DA1C3EF69222EBBDFA09B957CF"
"Microsoft.CodeAnalysis.CSharp","1.3.2","Microsoft.CodeAnalysis.CSharp.1.3.2.nupkg","5695392","F23DFC0487EF1F5E82AA7FD6B8FA784C3CFB79EE7DDED934CD9ABFE5324FF803"
"Microsoft.CodeAnalysis.VisualBasic","1.3.2","Microsoft.CodeAnalysis.VisualBasic.1.3.2.nupkg","6860397","1A481907261F2F8420CF3D7B5D91939FB1BFAF46446F25841A6D9E2A82613F58"
"Newtonsoft.Json","10.0.1","Newtonsoft.Json.10.0.1.nupkg","1872303","1B0EDD408B2661F99C4790124EE32C07C72A688E20DE8B30D23F8B3B58C4CC96"
"OpenCvSharp4","4.1.0.20190416","OpenCvSharp4.4.1.0.20190416.nupkg","2444064","B87A125F558B60000E7B6840B40559BB58BDE222E4B25FBE9F1EB2E9E5A54273"
"OpenCvSharp4.runtime.win","4.1.0.20190416","OpenCvSharp4.runtime.win.4.1.0.20190416.nupkg","54610541","FDC18C2E37601F76685D7FCDAFDA9BF878F1231FEBDC2A6A5519BBF0C9B7111F"
"RCA.Activities.Core","2.2.0","RCA.Activities.Core.2.2.0.nupkg","665658","9B36A66FB7A76BD4F142DF0CAF3AAD301E961F0F0B109CDA0AD6866C9BEB679F"
"RestSharp","105.0.1","RestSharp.105.0.1.nupkg","521432","C84995E9D61158D7EC935203C7705B7D52ED4C0D114676B8E6F6E1F916D29E1A"
"System.AppContext","4.1.0","System.AppContext.4.1.0.nupkg","146990","BFA61FC9FACA9A1C30F8460752AE9CC1850C8F4D0C43A48E7C9B5C195465633B"
"System.Buffers","4.5.1","System.Buffers.4.5.1.nupkg","93737","C30B3DD2C7E2F4CEE4B823D692FD42118309B42AB1F5007F923D329A5B0D6B12"
"System.Collections","4.0.0","System.Collections.4.0.0.nupkg","548188","EEBF7E2EF47754B560B1C7A6E88E846C63D9E8E54BE025E6E9B3AF80A4556FFF"
"System.Collections","4.3.0","System.Collections.4.3.0.nupkg","810001","69F63B554B43EB0FF9998AAB71EF2442BBC321F4B61970C834387BDC88F124A7"
"System.Collections.Concurrent","4.3.0","System.Collections.Concurrent.4.3.0.nupkg","502676","28C6390DF2670DE22C6B5DC3A6ABF237C36445E644300167966360955A052172"
"System.Collections.Immutable","1.1.37","System.Collections.Immutable.1.1.37.nupkg","329276","4463F5ECFF07A373C58C1BD070C3D46828794C468FCE7AA96771CD8152A5C608"
"System.Collections.Immutable","1.2.0","System.Collections.Immutable.1.2.0.nupkg","310324","150DE5FAE95B2D23E143425C4020B80F84B38D39C7B11A9C3A3E7A630CBBA4CA"
"System.ComponentModel.Annotations","4.4.1","System.ComponentModel.Annotations.4.4.1.nupkg","676599","F0D674B563EA4587F7A2F927E0E41AA46B077AC78460A83DD67A99014DF786B4"
"System.ComponentModel.Annotations","5.0.0","System.ComponentModel.Annotations.5.0.0.nupkg","771145","D29493D541E0A5E13AC49AD87F947E53B0302251F7AD50B74A982E8A523F3008"
"System.ComponentModel.Primitives","4.3.0","System.ComponentModel.Primitives.4.3.0.nupkg","93137","20E30995EB88069A663F8102077B9FB5B75C80BEC209DE7AFA8003FD2AAB6EEB"
"System.Console","4.0.0","System.Console.4.0.0.nupkg","102388","8ED65F4FF4E926D2E2B15FF2E4C93721F0A913BF73C210585EDC863FD8C2DD7A"
"System.Data.DataSetExtensions","4.5.0","System.Data.DataSetExtensions.4.5.0.nupkg","62293","AA9A4ED0BF01A48EDC81A4ADA81867E9825816315D4B0A579518A1D1716C693E"
"System.Diagnostics.Debug","4.0.0","System.Diagnostics.Debug.4.0.0.nupkg","106867","8B7CC5520C5077536A3D5412F5D218F87EA43CFFDADBFEC934A5CF90F1843E88"
"System.Diagnostics.Debug","4.0.11","System.Diagnostics.Debug.4.0.11.nupkg","149779","3FEAD240956837A339EA341BB3BEA467D1B798058576D176ECFFD18A337CB23E"
"System.Diagnostics.FileVersionInfo","4.0.0","System.Diagnostics.FileVersionInfo.4.0.0.nupkg","137948","632F788CF8435C5D901CE17BA939AA2A49F5D38F0AF7190AAF2B81783CECBBE8"
"System.Diagnostics.StackTrace","4.0.1","System.Diagnostics.StackTrace.4.0.1.nupkg","101951","82AA82030A43B1C6B6E369E58BE7DE8E0AB03C0BB044EBF736835E3A71574960"
"System.Diagnostics.Tools","4.0.1","System.Diagnostics.Tools.4.0.1.nupkg","67228","BD206A4DB9965F296F45ADFB696CA4B729BE80EA6CBC7E379B0AFA03DEB693A5"
"System.Dynamic.Runtime","4.3.0","System.Dynamic.Runtime.4.3.0.nupkg","548103","93BE608CE62298842D2C10F9343CF0C22DD931404F456DE399CDDEBC330C25B5"
"System.Globalization","4.0.0","System.Globalization.4.0.0.nupkg","400738","1FFE5D31638EB8F87B9FFB70F1F872B2E461FF23CBD4032ADDD261A231CD4309"
"System.Globalization","4.3.0","System.Globalization.4.3.0.nupkg","589136","71A2F4A51985484B1AA1E65E58DE414D0B46AC0B5A40FC058BC60E64F646E6B2"
"System.IO","4.3.0","System.IO.4.3.0.nupkg","703652","AEECA74077A414FE703EB0E257284D891217799FC8F4DA632B9A54F873C38916"
"System.IO.FileSystem","4.0.1","System.IO.FileSystem.4.0.1.nupkg","274255","E152971607066024D65578C096788056AD1D3B7A39B3C287CA5836C20DBFEE4D"
"System.IO.FileSystem.Primitives","4.0.1","System.IO.FileSystem.Primitives.4.0.1.nupkg","94921","2298A028CA26A9BEA99985A4AE57F465DA482ED465B97D9C5F9B0E2955B415E8"
"System.Linq","4.0.0","System.Linq.4.0.0.nupkg","248980","DF97AB30DA3F058E3B6BACBE4377A347782245D1C9CFE27F8F53623E80433CD9"
"System.Linq","4.1.0","System.Linq.4.1.0.nupkg","511874","650A45B58C39375175697D2350ADD3C3E5EF339B67967B2191308DB5F540EFDE"
"System.Linq.Expressions","4.3.0","System.Linq.Expressions.4.3.0.nupkg","1928029","FB7A6F85963BAE2A7C1C26DF7542F38E50BD14F645A58A10C6191CB859B6C24F"
"System.Memory","4.5.4","System.Memory.4.5.4.nupkg","205467","DEC0847F33B8823E4260672D97D657411461C00ADA3107EC7BBCB32A845EEB91"
"System.Numerics.Vectors","4.5.0","System.Numerics.Vectors.4.5.0.nupkg","382792","A9D49320581FDA1B4F4BE6212C68C01A22CDF228026099C20A8EABEFCF90F9CF"
"System.Reflection","4.3.0","System.Reflection.4.3.0.nupkg","700821","35049946964BBED3D60E5BE6308746C5C56EC949F0F76654468D215EC12C8576"
"System.Reflection.Metadata","1.2.0","System.Reflection.Metadata.1.2.0.nupkg","425247","6FFAB5E8617034B0AAED74F3EE2B7CE9C9B52AA5C834C119F3184A97F44183F4"
"System.Reflection.Metadata","1.3.0","System.Reflection.Metadata.1.3.0.nupkg","434051","6BF450AFEFA64ACCE259A39392789C7C8417FF326BC0F144C5F84AE8F334B5F8"
"System.Reflection.Primitives","4.3.0","System.Reflection.Primitives.4.3.0.nupkg","281679","E68830581E2F9504E5DE38E4D718E7886DA8CDB1488D94CBF6E834BAC650B813"
"System.Resources.ResourceManager","4.0.0","System.Resources.ResourceManager.4.0.0.nupkg","103458","9557136C31ADF3A364FED3FFC3B12DC84A87AB60E210AB6367DF389B20718585"
"System.Resources.ResourceManager","4.3.0","System.Resources.ResourceManager.4.3.0.nupkg","85908","89D88E0FDDF16DBADBC304A70F898E440F51622FC3FD4E3C79152C9FF5A7586A"
"System.Runtime","4.0.0","System.Runtime.4.0.0.nupkg","2904161","26BCEDCBD8AB839CD36CD1B4EC59DEC7FAE31258484ECA051CB001F1F918FD2E"
"System.Runtime","4.3.0","System.Runtime.4.3.0.nupkg","7263712","E75F35DD65E9048B2E03A7D4B44E57691423716750DBF966128909B7DEEED118"
"System.Runtime.CompilerServices.Unsafe","4.5.3","System.Runtime.CompilerServices.Unsafe.4.5.3.nupkg","102160","96764C52A44EE1161151E48EF07489F72047A851CB55B99E9F01D6908536D1A9"
"System.Runtime.CompilerServices.Unsafe","6.0.0","System.Runtime.CompilerServices.Unsafe.6.0.0.nupkg","84343","6C41B53E70E9EEE298CFF3A02CE5ACDD15B04125589BE0273F0566026720A762"
"System.Runtime.Extensions","4.0.0","System.Runtime.Extensions.4.0.0.nupkg","524319","213936EC8A22511127D73DDAACD25087E08BDDE0C2729E0A5969CA86EC522C62"
"System.Runtime.Extensions","4.1.0","System.Runtime.Extensions.4.1.0.nupkg","1060307","5FB0D9E426CF63B8C7B36D1867B6E6717B3D079331A6DBBF1E7054BD49CD8467"
"System.Runtime.Handles","4.3.0","System.Runtime.Handles.4.3.0.nupkg","54854","289E5A5E81A9079E98EBE89EA4191DA71FC07DA243022B71E2FAE42EA47B826B"
"System.Runtime.InteropServices","4.1.0","System.Runtime.InteropServices.4.1.0.nupkg","2542509","41C78062526F90F44973FFB98D1FB042934D2376AA1B24965923B7D1EFC57D06"
"System.Runtime.Numerics","4.3.0","System.Runtime.Numerics.4.3.0.nupkg","283763","3F98C70A031B80531888E36FCE668A15E3AA7002033EEFD4F1B395ACD3D82AA7"
"System.Security.Cryptography.Algorithms","4.2.0","System.Security.Cryptography.Algorithms.4.2.0.nupkg","357563","05E94D2291324E8129FD560A9E37BFAB53FB28D12940DB4ECC63D4D7CA4B1A91"
"System.Security.Cryptography.Encoding","4.0.0","System.Security.Cryptography.Encoding.4.0.0.nupkg","144164","64EEE16B7F49E6E1E4205D91A042AFFDB5BF6CB6D5BD830EE3EAD6C98B0A1E29"
"System.Security.Cryptography.Primitives","4.0.0","System.Security.Cryptography.Primitives.4.0.0.nupkg","81324","B0474F7ED7D3C5077FF03A5DA6A5190B65D60B44A35423EA02412578B975EC44"
"System.Security.Cryptography.X509Certificates","4.1.0","System.Security.Cryptography.X509Certificates.4.1.0.nupkg","702294","B015148493FEC980D7BDC8CD30AA8DA67F32CC65295400702BDBD552F60A8F32"
"System.Text.Encoding","4.3.0","System.Text.Encoding.4.3.0.nupkg","327281","19CB475462D901AFEBAA404D86C0469EC89674ACAFE950EE6D8A4692E3A404B8"
"System.Text.Encoding.CodePages","4.3.0","System.Text.Encoding.CodePages.4.3.0.nupkg","1615064","7B3615C1EF5AB5191111CF0EFC74FF55F183136BEE0A921C90E7DD635F78FD51"
"System.Text.Encoding.Extensions","4.3.0","System.Text.Encoding.Extensions.4.3.0.nupkg","244195","BEE7C75E0F1000AC4796E8CF1C772BB46C00A859AC083E872A37C30221F20187"
"System.Text.Encodings.Web","6.0.0","System.Text.Encodings.Web.6.0.0.nupkg","235525","51E9831C61684081BB39B430465BA155FE8082D42291F1C4A0F2C2EA06C5C91A"
"System.Text.Json","6.0.10","System.Text.Json.6.0.10.nupkg","1399358","5228D88747711631629CC3D24C9A1BF7AA1A464366F96B1AFBB15F83A9919EC7"
"System.Threading","4.0.0","System.Threading.4.0.0.nupkg","439613","CAF46AF79FE759A8416A2672FC6C69183DA9BDB1C540067FFAB46BA9E2922344"
"System.Threading","4.0.11","System.Threading.4.0.11.nupkg","708036","9A86F566FDEA2D0850D7FC4E2D766662AA6788D50C09F9F4DA7F1991A021A9A7"
"System.Threading.Tasks","4.3.0","System.Threading.Tasks.4.3.0.nupkg","840017","679AD77C9D445E9DC6DF620A646899EA4A0C8D1BB49FC0B5346AF0A5D21E9F8C"
"System.Threading.Tasks.Extensions","4.5.4","System.Threading.Tasks.Extensions.4.5.4.nupkg","89582","A304A963CC0796C5179F9C6B7D8022BBCE3B2FA7C029EB6196F631F7B462D678"
"System.Threading.Tasks.Parallel","4.0.1","System.Threading.Tasks.Parallel.4.0.1.nupkg","176864","E55C9167DEC5BA0E2B78AFDC43AC2C0AB2798C7E77686BB56B866428C66B9C84"
"System.Threading.Thread","4.0.0","System.Threading.Thread.4.0.0.nupkg","98848","EC4B5226E2AA716D74EC5600E4AA3D3455C45943C8CCD0ED95F29A415DA9BDBF"
"System.ValueTuple","4.5.0","System.ValueTuple.4.5.0.nupkg","204904","9E21FA9767D4E76BC0CEE065C1D40CC34384A114BFEC4D70E6C981168A926802"
"System.Xml.ReaderWriter","4.0.11","System.Xml.ReaderWriter.4.0.11.nupkg","1363068","85A64014543D4A5D8385FBC46DDC76611A8A128C4D314E524DAAA93265F0D330"
"System.Xml.XDocument","4.3.0","System.Xml.XDocument.4.3.0.nupkg","591350","AD6B5D72672E12534E4B309E85F9722B01E40D1A623A1249B3C09E4349750822"
"System.Xml.XmlDocument","4.0.1","System.Xml.XmlDocument.4.0.1.nupkg","285151","81DA05ACFA39E2FD4B8E4045EFD7FC12FB65B555631F3F5923D91CE6F7B41A46"
"System.Xml.XPath","4.0.1","System.Xml.XPath.4.0.1.nupkg","250135","9500A82B6339D52191B868DF8AE216DBA63682800163644B13A719E3CD7A583A"
"System.Xml.XPath.XDocument","4.0.1","System.Xml.XPath.XDocument.4.0.1.nupkg","89837","1FFCF230C075601F2F77E4AD609AFDF4A2EA5A648785A3FB4470CB45C161CDBA"
"WebApi","0.5.0","WebApi.0.5.0.nupkg","562691","DF9A60972A147FBD77E36D4D1BF801490587D5C6C41DCBBBE29D5D9627749539"
"WebApi.All","0.5.0","WebApi.All.0.5.0.nupkg","12473","F97204313239D98BBF7E08B344964407E0FDAB931C3D6BAAC94F4114ED29CD53"
"WebApi.Core","0.5.0","WebApi.Core.0.5.0.nupkg","12465","A2E66AF793A57D4EA1EFF73E0AAD53A6FFB70D3160CE8E8B46C4DDDB9D500BB2"
"WebApi.Enhancements","0.5.0","WebApi.Enhancements.0.5.0.nupkg","57196","2C70CBCC1348913F8F0F702AC0B19853CD676C0C1C516B4E5FE9B417F48AC3A4"
"WebApi.OData","0.5.0","WebApi.OData.0.5.0.nupkg","427241","95C721D1EA065972D8E3C35448A80B0B076C5ED9A24C61479D17902A3C1D7E89"
